sample_id,source_file,source_id,lat,lon,driver,confidence,source_event_year,event_year,total_loss_area_ha,dominant_loss_area_ha,dominant_year_share,sample_status,pre_scene_id,pre_date,post_scene_id,post_date,pre_local_cloud,post_local_cloud,manual_validation,manual_notes,geometry,event_mask_metadata,local_raster_paths
ff28aeec3193865dda5624c729314da2666c8ef4,training_2001_2025_v1_3.csv,3162,53.73499910930797,31.525001666830796,Logging,High,,,,,,,,,,,,,,,"{""type"": ""Point"", ""coordinates"": [31.525001666830796, 53.73499910930797]}",,
5569e3a6c4b408e65748508f17acbd897bb4db4a,training_2001_2025_v1_3.csv,3174,54.27500072177177,21.10500106575032,Logging,High,,,,,,,,,,,,,,,"{""type"": ""Point"", ""coordinates"": [21.10500106575032, 54.27500072177177]}",,
42d61bd134f424c62e5dd6a910c58c3670f6d1b6,training_2001_2025_v1_3.csv,3194,55.07499912717083,22.354998581387697,Logging,High,,,,,,,,,,,,,,,"{""type"": ""Point"", ""coordinates"": [22.354998581387697, 55.07499912717083]}",,
993427d61838e664486b9164c3331b1f4567a559,training_2001_2025_v1_3.csv,3691,68.62500082058233,28.21499981981319,Logging,High,,,,,,,,,,,,,,,"{""type"": ""Point"", ""coordinates"": [28.21499981981319, 68.62500082058233]}",,
014329d954101fce4f8e96f9b51372982069c3c2,training_2001_2025_v1_3.csv,3726,67.7849998581102,28.86500074031399,Logging,High,,,,,,,,,,,,,,,"{""type"": ""Point"", ""coordinates"": [28.86500074031399, 67.7849998581102]}",,
7593cbb0be49f3d511015121f69332adaf938362,training_2001_2025_v1_3.csv,3728,67.82500024061537,29.06500032534657,Logging,High,,,,,,,,,,,,,,,"{""type"": ""Point"", ""coordinates"": [29.06500032534657, 67.82500024061537]}",,
52209bc49d0def1edda64d98d0f52a6f45a18fb1,training_2001_2025_v1_3.csv,5281,58.25500031578706,86.03499936062542,Logging,Medium,,,,,,,,,,,,,,,"{""type"": ""Point"", ""coordinates"": [86.03499936062542, 58.25500031578706]}",,
f70b95f139fa36889ecb5417cc0461d615a917e2,training_2001_2025_v1_3.csv,5282,57.614998916730066,57.16499993560383,Logging,High,,,,,,,,,,,,,,,"{""type"": ""Point"", ""coordinates"": [57.16499993560383, 57.614998916730066]}",,
6168681d4c85a4b30e8d8d42b382df063c387c20,training_2001_2025_v1_3.csv,5301,53.76499993757662,101.1649989943129,Logging,High,,,,,,,,,,,,,,,"{""type"": ""Point"", ""coordinates"": [101.1649989943129, 53.76499993757662]}",,
202f937d66cfdba85f6fb9ffacd47e4d56c6bee4,training_2001_2025_v1_3.csv,5306,50.3150001767446,136.30500060376022,Logging,High,,,,,,,,,,,,,,,"{""type"": ""Point"", ""coordinates"": [136.30500060376022, 50.3150001767446]}",,
b998dd2b482d67377ac8eff709137f60738827fd,training_2001_2025_v1_3.csv,5310,56.21499949466637,48.12499971666332,Logging,Medium,,,,,,,,,,,,,,,"{""type"": ""Point"", ""coordinates"": [48.12499971666332, 56.21499949466637]}",,
c5ebb8dffe9c05eb4f47f5b18338c3e0f85b37ef,training_2001_2025_v1_3.csv,5316,60.274999818841934,44.45500126549116,Logging,High,,,,,,,,,,,,,,,"{""type"": ""Point"", ""coordinates"": [44.45500126549116, 60.274999818841934]}",,
bf56245bc7ced86d2385f67c25d977a9c08bb2b6,training_2001_2025_v1_3.csv,5347,55.264999179798735,101.16500124829236,Logging,High,,,,,,,,,,,,,,,"{""type"": ""Point"", ""coordinates"": [101.16500124829236, 55.264999179798735]}",,
5aa8a75d1ab319c714361fc7ca03033cb8468e8d,training_2001_2025_v1_3.csv,5350,53.89500060002054,82.37500041728711,Logging,Medium,,,,,,,,,,,,,,,"{""type"": ""Point"", ""coordinates"": [82.37500041728711, 53.89500060002054]}",,
22933dd53a96f89ef2582834898ef9585f9bc340,training_2001_2025_v1_3.csv,5446,56.90499859396286,32.505000611706365,Logging,High,,,,,,,,,,,,,,,"{""type"": ""Point"", ""coordinates"": [32.505000611706365, 56.90499859396286]}",,
9a3701f627490623b7db1a9e039d8ddea5f969c3,training_2001_2025_v1_3.csv,5482,56.81500052865657,57.21499984314784,Logging,High,,,,,,,,,,,,,,,"{""type"": ""Point"", ""coordinates"": [57.21499984314784, 56.81500052865657]}",,
d033a5b4c1a46fe6fc8e4c8abacc95ecc527b252,training_2001_2025_v1_3.csv,5486,59.74500001808691,70.34500122175535,Logging,High,,,,,,,,,,,,,,,"{""type"": ""Point"", ""coordinates"": [70.34500122175535, 59.74500001808691]}",,
c7fae4986437d8b806bc93b11290126f65d5852a,training_2001_2025_v1_3.csv,5488,57.535000421116095,43.54500130943333,Logging,High,,,,,,,,,,,,,,,"{""type"": ""Point"", ""coordinates"": [43.54500130943333, 57.535000421116095]}",,
0b4533490a53e14444730b71a5b656dee4fa7166,training_2001_2025_v1_3.csv,5501,58.42499907226393,47.9250001441909,Logging,High,,,,,,,,,,,,,,,"{""type"": ""Point"", ""coordinates"": [47.9250001441909, 58.42499907226393]}",,
160683842cfa33ec5b9ba1d772b08a05e904b8a4,training_2001_2025_v1_3.csv,5587,54.10499972160894,47.09499866654773,Logging,High,,,,,,,,,,,,,,,"{""type"": ""Point"", ""coordinates"": [47.09499866654773, 54.10499972160894]}",,
6a6254f6d3558b411d8c27bdd4f421240adcc863,training_2001_2025_v1_3.csv,5589,57.15500028100861,107.1550008548387,Logging,High,,,,,,,,,,,,,,,"{""type"": ""Point"", ""coordinates"": [107.1550008548387, 57.15500028100861]}",,
be2446e912d7cda621e2c9f433bb8c4ffb36a64b,training_2001_2025_v1_3.csv,5695,58.67499858780281,92.87499951091698,Logging,High,,,,,,,,,,,,,,,"{""type"": ""Point"", ""coordinates"": [92.87499951091698, 58.67499858780281]}",,
2a671428d5cd46529232b1420bddf025caa3c45b,training_2001_2025_v1_3.csv,5708,61.22500015641161,55.69499930891241,Logging,High,,,,,,,,,,,,,,,"{""type"": ""Point"", ""coordinates"": [55.69499930891241, 61.22500015641161]}",,
1460cd7355fb4dfb878677df9787f4c7fef8052f,training_2001_2025_v1_3.csv,5714,59.355000342632515,98.455000404439,Logging,High,,,,,,,,,,,,,,,"{""type"": ""Point"", ""coordinates"": [98.455000404439, 59.355000342632515]}",,
eee926fb5cf130019e84ce4610e91cff7c8c58f6,training_2001_2025_v1_3.csv,5715,62.0649989065421,56.174999219066706,Logging,High,,,,,,,,,,,,,,,"{""type"": ""Point"", ""coordinates"": [56.174999219066706, 62.0649989065421]}",,
a67bde56af0d22bc93fca2c8797ca4d544cfbf99,training_2001_2025_v1_3.csv,5738,55.06499956686608,125.61499923382158,Logging,High,,,,,,,,,,,,,,,"{""type"": ""Point"", ""coordinates"": [125.61499923382158, 55.06499956686608]}",,
ecf33cdef381d7486dc379b2c22efc2287019782,training_2001_2025_v1_3.csv,5740,60.04499938364202,39.31499988638995,Logging,High,,,,,,,,,,,,,,,"{""type"": ""Point"", ""coordinates"": [39.31499988638995, 60.04499938364202]}",,
1466e502cc677f8ea386ff2bdf83f5694f98911d,training_2001_2025_v1_3.csv,5753,61.34499898513653,45.774999958312435,Logging,High,,,,,,,,,,,,,,,"{""type"": ""Point"", ""coordinates"": [45.774999958312435, 61.34499898513653]}",,
0d48884afde5295b6092f0341a11336537712fbd,training_2001_2025_v1_3.csv,5754,60.24499900386277,56.30499992085729,Logging,High,,,,,,,,,,,,,,,"{""type"": ""Point"", ""coordinates"": [56.30499992085729, 60.24499900386277]}",,
7ec2794c3e579c5d621118d33f41287fa2d319d8,training_2001_2025_v1_3.csv,5789,65.2049997143022,42.84500045063168,Logging,High,,,,,,,,,,,,,,,"{""type"": ""Point"", ""coordinates"": [42.84500045063168, 65.2049997143022]}",,
740d15e05b64714c8f504d6ad8ffef1b2aef58ee,training_2001_2025_v1_3.csv,5793,60.85499953844309,55.62500036952129,Logging,High,,,,,,,,,,,,,,,"{""type"": ""Point"", ""coordinates"": [55.62500036952129, 60.85499953844309]}",,
4ffcdaedece136eead41b08220cdfb19738e2d43,training_2001_2025_v1_3.csv,5801,58.84499956632183,46.86500043865136,Logging,High,,,,,,,,,,,,,,,"{""type"": ""Point"", ""coordinates"": [46.86500043865136, 58.84499956632183]}",,
6c7ea188c0db3d76867f9bab8150e3ba8919912f,training_2001_2025_v1_3.csv,5836,59.48499874042798,45.73499958688208,Logging,High,,,,,,,,,,,,,,,"{""type"": ""Point"", ""coordinates"": [45.73499958688208, 59.48499874042798]}",,
94ddfc64208a1b0c1f4c4070a77b4775cddeaa28,training_2001_2025_v1_3.csv,5857,58.81500094627706,39.78500034211526,Logging,High,,,,,,,,,,,,,,,"{""type"": ""Point"", ""coordinates"": [39.78500034211526, 58.81500094627706]}",,
5c8d7f3a70117b5a4bd2ca8371ef60dbded7245b,training_2001_2025_v1_3.csv,8527,43.244999639070514,145.41499978501278,Logging,High,,,,,,,,,,,,,,,"{""type"": ""Point"", ""coordinates"": [145.41499978501278, 43.244999639070514]}",,
6e17ac3f1183c4f765c05848f1c31a0af163313b,training_2001_2025_v1_3.csv,8543,43.655000586212495,145.01500059844312,Logging,High,,,,,,,,,,,,,,,"{""type"": ""Point"", ""coordinates"": [145.01500059844312, 43.655000586212495]}",,
68410d71ac3dc385202fa6d6e5e1abdba7e951db,training_2001_2025_v1_3.csv,8567,45.75499862215593,130.89499843661676,Logging,Medium,,,,,,,,,,,,,,,"{""type"": ""Point"", ""coordinates"": [130.89499843661676, 45.75499862215593]}",,
426999fb0525995e544a97c242bd5ea893eb0e6e,training_2001_2025_v1_3.csv,8573,47.304999984904875,125.90500130096224,Logging,Medium,,,,,,,,,,,,,,,"{""type"": ""Point"", ""coordinates"": [125.90500130096224, 47.304999984904875]}",,
dc330b8950167587ba9687cb3cfcf9d47abbcadd,training_2001_2025_v1_3.csv,8577,48.03499941283959,41.175000249499234,Logging,Low,,,,,,,,,,,,,,,"{""type"": ""Point"", ""coordinates"": [41.175000249499234, 48.03499941283959]}",,
144eae347a95c3953ff53dea295cca0dde0bab9f,training_2001_2025_v1_3.csv,8582,48.7250006910979,139.51500040320877,Logging,Medium,,,,,,,,,,,,,,,"{""type"": ""Point"", ""coordinates"": [139.51500040320877, 48.7250006910979]}",,
651f783aaf07f211b408cc7166ac5f1b826cc221,training_2001_2025_v1_3.csv,8594,50.11500057143831,40.35499830414525,Logging,Medium,,,,,,,,,,,,,,,"{""type"": ""Point"", ""coordinates"": [40.35499830414525, 50.11500057143831]}",,
58f9dbec725dda05389536f4d86e39682be5ad21,training_2001_2025_v1_3.csv,8601,50.49500073197774,37.0449986957875,Logging,High,,,,,,,,,,,,,,,"{""type"": ""Point"", ""coordinates"": [37.0449986957875, 50.49500073197774]}",,
345f78296699c22eca2a925bb46e997618e73229,training_2001_2025_v1_3.csv,8632,51.824998948482715,80.12499822616616,Logging,High,,,,,,,,,,,,,,,"{""type"": ""Point"", ""coordinates"": [80.12499822616616, 51.824998948482715]}",,
2ee6e24c9e894805850d4833b548cff5287d08be,training_2001_2025_v1_3.csv,8636,51.94500003384681,85.94499907741077,Logging,Medium,,,,,,,,,,,,,,,"{""type"": ""Point"", ""coordinates"": [85.94499907741077, 51.94500003384681]}",,
5273d7ec20d7beda65fe61b8afd22ff3897a5c2e,training_2001_2025_v1_3.csv,8639,52.05499937949205,71.19499957851937,Logging,Medium,,,,,,,,,,,,,,,"{""type"": ""Point"", ""coordinates"": [71.19499957851937, 52.05499937949205]}",,
6c6084a276aae62477e4377614a0e97c2789214a,training_2001_2025_v1_3.csv,8651,52.284999795467186,56.725000393975634,Logging,Medium,,,,,,,,,,,,,,,"{""type"": ""Point"", ""coordinates"": [56.725000393975634, 52.284999795467186]}",,
2c77699482a7cc20d573f545e160c689cd799158,training_2001_2025_v1_3.csv,8657,52.354998758549215,137.22500007609258,Logging,High,,,,,,,,,,,,,,,"{""type"": ""Point"", ""coordinates"": [137.22500007609258, 52.354998758549215]}",,
e05a876c162854209ee5569060061514f2c66fa2,training_2001_2025_v1_3.csv,8658,52.384997385841714,84.23500072340293,Logging,Medium,,,,,,,,,,,,,,,"{""type"": ""Point"", ""coordinates"": [84.23500072340293, 52.384997385841714]}",,
cf672333b8044dcf49a6005463e0d19a52796649,training_2001_2025_v1_3.csv,8661,52.44499904530082,84.84500125829031,Logging,Low,,,,,,,,,,,,,,,"{""type"": ""Point"", ""coordinates"": [84.84500125829031, 52.44499904530082]}",,
134c54327c530ba4c7b5ed12a08abf62af5d7584,training_2001_2025_v1_3.csv,8665,52.50500070678478,70.58500122488485,Logging,Medium,,,,,,,,,,,,,,,"{""type"": ""Point"", ""coordinates"": [70.58500122488485, 52.50500070678478]}",,
c822ad329aedac7fc1d057767e326954515c02db,training_2001_2025_v1_3.csv,8670,52.57499964464256,68.82499848995691,Logging,High,,,,,,,,,,,,,,,"{""type"": ""Point"", ""coordinates"": [68.82499848995691, 52.57499964464256]}",,
7b5ac8f2758dcb77fbf8bc44354fda38cce1b0a0,training_2001_2025_v1_3.csv,8671,52.60500051079646,56.75500121646704,Logging,High,,,,,,,,,,,,,,,"{""type"": ""Point"", ""coordinates"": [56.75500121646704, 52.60500051079646]}",,
5dd627e867452438a40551866975257bd6127a9e,training_2001_2025_v1_3.csv,8673,52.61500006443592,57.435000736339006,Logging,High,,,,,,,,,,,,,,,"{""type"": ""Point"", ""coordinates"": [57.435000736339006, 52.61500006443592]}",,
39c59ce437f66a62b5ba119a17d1aabcb3553898,training_2001_2025_v1_3.csv,8674,52.64500089153489,68.71500141039989,Logging,Medium,,,,,,,,,,,,,,,"{""type"": ""Point"", ""coordinates"": [68.71500141039989, 52.64500089153489]}",,
889225df6ff3e7761543e113dfdea66556b3bd31,training_2001_2025_v1_3.csv,8678,52.734998912762435,57.454999841378985,Logging,High,,,,,,,,,,,,,,,"{""type"": ""Point"", ""coordinates"": [57.454999841378985, 52.734998912762435]}",,
c6215ed51e7ca1b7a0f52504d1b46063f7d370db,training_2001_2025_v1_3.csv,8685,52.834996492448504,57.81500085684533,Logging,High,,,,,,,,,,,,,,,"{""type"": ""Point"", ""coordinates"": [57.81500085684533, 52.834996492448504]}",,
c2888af1b36a0ec6927cd1911ba893d85188462c,training_2001_2025_v1_3.csv,8687,52.874999060321414,101.7749996022471,Logging,Medium,,,,,,,,,,,,,,,"{""type"": ""Point"", ""coordinates"": [101.7749996022471, 52.874999060321414]}",,
2a8b3b9c4e1d3b84b34d1066d5673743522ff8ba,training_2001_2025_v1_3.csv,8695,53.04500006313954,41.10500126561139,Logging,High,,,,,,,,,,,,,,,"{""type"": ""Point"", ""coordinates"": [41.10500126561139, 53.04500006313954]}",,
7044d84b04df4b6f1d7ea9cee0802c9179e2079c,training_2001_2025_v1_3.csv,8698,53.06499912798608,58.015000459639325,Logging,Medium,,,,,,,,,,,,,,,"{""type"": ""Point"", ""coordinates"": [58.015000459639325, 53.06499912798608]}",,
da414c29b3a3c4d56d4984a4deadb72137af6e2e,training_2001_2025_v1_3.csv,8702,53.09499997297401,92.23500034502462,Logging,Medium,,,,,,,,,,,,,,,"{""type"": ""Point"", ""coordinates"": [92.23500034502462, 53.09499997297401]}",,
2a1e19747661d63e322ae0145741bdea4109141c,training_2001_2025_v1_3.csv,8704,53.0949999738061,124.26499968557202,Logging,Medium,,,,,,,,,,,,,,,"{""type"": ""Point"", ""coordinates"": [124.26499968557202, 53.0949999738061]}",,
3044614ed626dedec86b34893e794cf2edae526b,training_2001_2025_v1_3.csv,8709,53.16499893747,45.325000807112346,Logging,High,,,,,,,,,,,,,,,"{""type"": ""Point"", ""coordinates"": [45.325000807112346, 53.16499893747]}",,
6810b602a7f97c12c924b1033b8f09f0d4dcce58,training_2001_2025_v1_3.csv,8717,53.244999655172,55.19500034710087,Logging,High,,,,,,,,,,,,,,,"{""type"": ""Point"", ""coordinates"": [55.19500034710087, 53.244999655172]}",,
42e58bdbcb54d6c080a58a99d3e14db491160084,training_2001_2025_v1_3.csv,8720,53.28500002427841,46.70499902221967,Logging,High,,,,,,,,,,,,,,,"{""type"": ""Point"", ""coordinates"": [46.70499902221967, 53.28500002427841]}",,
ef72b6ce1c302d9c1bb026e2a3a65bbf146cbae6,training_2001_2025_v1_3.csv,8729,53.39499937094129,84.48500023478256,Logging,Medium,,,,,,,,,,,,,,,"{""type"": ""Point"", ""coordinates"": [84.48500023478256, 53.39499937094129]}",,
395f854d7382942b14e7cd1f2b589183e429d624,training_2001_2025_v1_3.csv,8730,53.40500112283856,47.805001264185705,Logging,Low,,,,,,,,,,,,,,,"{""type"": ""Point"", ""coordinates"": [47.805001264185705, 53.40500112283856]}",,
e443ac3e33699cc84624cef6499e022e72d703a9,training_2001_2025_v1_3.csv,8733,53.44499924365583,57.55499964324649,Logging,Medium,,,,,,,,,,,,,,,"{""type"": ""Point"", ""coordinates"": [57.55499964324649, 53.44499924365583]}",,
e3642db5fd8b61b66e63a8729e4e59572d623a99,training_2001_2025_v1_3.csv,8735,53.49499919432933,45.77499998964413,Logging,High,,,,,,,,,,,,,,,"{""type"": ""Point"", ""coordinates"": [45.77499998964413, 53.49499919432933]}",,
5f864e4ddba20a8fb2ca21452ed1b73cd5092185,training_2001_2025_v1_3.csv,8736,53.49499919233148,87.74499994417364,Logging,Medium,,,,,,,,,,,,,,,"{""type"": ""Point"", ""coordinates"": [87.74499994417364, 53.49499919233148]}",,
1e6e2e623191b022afe5cf97a27df68b43d6cb50,training_2001_2025_v1_3.csv,8739,53.544999062084834,54.97499940260636,Logging,Medium,,,,,,,,,,,,,,,"{""type"": ""Point"", ""coordinates"": [54.97499940260636, 53.544999062084834]}",,
b82f6d0427e69b2dee9d154e0e8b30fc8296ec56,training_2001_2025_v1_3.csv,8741,53.57499991463537,90.10500150367676,Logging,Medium,,,,,,,,,,,,,,,"{""type"": ""Point"", ""coordinates"": [90.10500150367676, 53.57499991463537]}",,
6c16623639f31c744d0884e19017f53ed7ee0274,training_2001_2025_v1_3.csv,8743,53.584999448260874,83.21499917184546,Logging,High,,,,,,,,,,,,,,,"{""type"": ""Point"", ""coordinates"": [83.21499917184546, 53.584999448260874]}",,
3e8a119cee5c3306f7071040387392e44284ef2b,training_2001_2025_v1_3.csv,8746,53.634999324441594,49.68499840916917,Logging,Medium,,,,,,,,,,,,,,,"{""type"": ""Point"", ""coordinates"": [49.68499840916917, 53.634999324441594]}",,
8449e61518e716f16db9b4fed88605116e26a01f,training_2001_2025_v1_3.csv,8750,53.68499923851357,82.74500100710607,Logging,High,,,,,,,,,,,,,,,"{""type"": ""Point"", ""coordinates"": [82.74500100710607, 53.68499923851357]}",,
cd790a3c3f557c52d0c9b077d13d8c75c4d9ba5a,training_2001_2025_v1_3.csv,8751,53.6949987913517,47.26499964879094,Logging,High,,,,,,,,,,,,,,,"{""type"": ""Point"", ""coordinates"": [47.26499964879094, 53.6949987913517]}",,
8527ed97c661aca6b1a6c8e05c0699f71041069c,training_2001_2025_v1_3.csv,8752,53.69499875647801,91.63499929090356,Logging,Medium,,,,,,,,,,,,,,,"{""type"": ""Point"", ""coordinates"": [91.63499929090356, 53.69499875647801]}",,
9967b5a92fc3e030ce17bb8e4f75aadfc6cde9f5,training_2001_2025_v1_3.csv,8753,53.69499877424485,91.95499999522268,Logging,High,,,,,,,,,,,,,,,"{""type"": ""Point"", ""coordinates"": [91.95499999522268, 53.69499877424485]}",,
1f1ec4d3a850986d64aec812086a105bd826a07c,training_2001_2025_v1_3.csv,8755,53.71500003871399,42.484999379852376,Logging,Low,,,,,,,,,,,,,,,"{""type"": ""Point"", ""coordinates"": [42.484999379852376, 53.71500003871399]}",,
9433b4dc427a6c7eb1073fbcc43d514cdd55f525,training_2001_2025_v1_3.csv,8760,53.76499997817386,35.195000111638585,Logging,High,,,,,,,,,,,,,,,"{""type"": ""Point"", ""coordinates"": [35.195000111638585, 53.76499997817386]}",,
ef3f7612eecda370dbab9b27d804fd20dee804dc,training_2001_2025_v1_3.csv,8762,53.81499988489629,57.23500112471003,Logging,High,,,,,,,,,,,,,,,"{""type"": ""Point"", ""coordinates"": [57.23500112471003, 53.81499988489629]}",,
e99376bef1b0abe57d17c67f25ec4515479753fd,training_2001_2025_v1_3.csv,8764,53.82499938433365,64.25499963648471,Logging,High,,,,,,,,,,,,,,,"{""type"": ""Point"", ""coordinates"": [64.25499963648471, 53.82499938433365]}",,
1881dc4cf7edd76020f3c13607408c825ca8e4e2,training_2001_2025_v1_3.csv,8767,53.8850010744063,42.05499935976712,Logging,Medium,,,,,,,,,,,,,,,"{""type"": ""Point"", ""coordinates"": [42.05499935976712, 53.8850010744063]}",,
bb9cf671e5a3200579d22df9fc82bffc949ac90e,training_2001_2025_v1_3.csv,8768,53.88500103681119,58.32500167875707,Logging,High,,,,,,,,,,,,,,,"{""type"": ""Point"", ""coordinates"": [58.32500167875707, 53.88500103681119]}",,
8574135707604b48a4477792acd980234d6bbe83,training_2001_2025_v1_3.csv,8771,53.89500060852682,103.66499845537024,Logging,High,,,,,,,,,,,,,,,"{""type"": ""Point"", ""coordinates"": [103.66499845537024, 53.89500060852682]}",,
32fe322028f661f8ddafc694733f7095b147500b,training_2001_2025_v1_3.csv,8774,53.905000135391525,48.75499938440637,Logging,Low,,,,,,,,,,,,,,,"{""type"": ""Point"", ""coordinates"": [48.75499938440637, 53.905000135391525]}",,
268862007bf8f6b224fa0c61f90103148b4789a6,training_2001_2025_v1_3.csv,8775,53.90500011595981,100.00499953555492,Logging,Medium,,,,,,,,,,,,,,,"{""type"": ""Point"", ""coordinates"": [100.00499953555492, 53.90500011595981]}",,
05e699844f9df7bd4b3caaf415736d678ed248ef,training_2001_2025_v1_3.csv,8779,53.92499918956981,57.75499919559281,Logging,High,,,,,,,,,,,,,,,"{""type"": ""Point"", ""coordinates"": [57.75499919559281, 53.92499918956981]}",,
ede2a7156cc2226f7ff059b299ee4103f0c965f8,training_2001_2025_v1_3.csv,8781,53.93499870653514,46.40499955679352,Logging,High,,,,,,,,,,,,,,,"{""type"": ""Point"", ""coordinates"": [46.40499955679352, 53.93499870653514]}",,
c3468d10f6ec2ceacd411e9b6010af7dba9ba8ac,training_2001_2025_v1_3.csv,8783,53.945000491016856,92.15499962298004,Logging,High,,,,,,,,,,,,,,,"{""type"": ""Point"", ""coordinates"": [92.15499962298004, 53.945000491016856]}",,
e57710bc350cccafcad5aa7ac8db0f6da22485fb,training_2001_2025_v1_3.csv,8790,54.14500007053878,36.42500082254125,Logging,Medium,,,,,,,,,,,,,,,"{""type"": ""Point"", ""coordinates"": [36.42500082254125, 54.14500007053878]}",,
ff6ae3f4b98ed0c6b0f5dc43bc32614c32043fc1,training_2001_2025_v1_3.csv,8792,54.154999648826006,90.71499980600088,Logging,Medium,,,,,,,,,,,,,,,"{""type"": ""Point"", ""coordinates"": [90.71499980600088, 54.154999648826006]}",,
df059d07c25c1a83c7f3274f9910897cd7edc505,training_2001_2025_v1_3.csv,8796,54.20499952092832,54.23499820343479,Logging,High,,,,,,,,,,,,,,,"{""type"": ""Point"", ""coordinates"": [54.23499820343479, 54.20499952092832]}",,
5b1570aa253ed32c312d66e79f389e40952f1d48,training_2001_2025_v1_3.csv,8799,54.21499906554832,110.17500061636308,Logging,Medium,,,,,,,,,,,,,,,"{""type"": ""Point"", ""coordinates"": [110.17500061636308, 54.21499906554832]}",,
9361ffa3fa687ab0377ecc459540abf5ad6533d3,training_2001_2025_v1_3.csv,8801,54.26500120075825,38.45499991337804,Logging,High,,,,,,,,,,,,,,,"{""type"": ""Point"", ""coordinates"": [38.45499991337804, 54.26500120075825]}",,
d643c29f14b693f0eec5ebf853595a322a91d4b0,training_2001_2025_v1_3.csv,8803,54.2850002462661,91.64500105970266,Logging,High,,,,,,,,,,,,,,,"{""type"": ""Point"", ""coordinates"": [91.64500105970266, 54.2850002462661]}",,
28e8b4f534692981b09c79c874a17dce7beee272,training_2001_2025_v1_3.csv,8810,54.39499958623785,110.32500029447912,Logging,Medium,,,,,,,,,,,,,,,"{""type"": ""Point"", ""coordinates"": [110.32500029447912, 54.39499958623785]}",,
97f1f0409173a86c3b521588238af6c6454d7e64,training_2001_2025_v1_3.csv,8811,54.39499960867391,110.33499985427792,Logging,High,,,,,,,,,,,,,,,"{""type"": ""Point"", ""coordinates"": [110.33499985427792, 54.39499960867391]}",,
06c6cd6c77f914d4078b9751dce2fc20daccdbce,training_2001_2025_v1_3.csv,8813,54.404999105627425,110.31499856097022,Logging,Medium,,,,,,,,,,,,,,,"{""type"": ""Point"", ""coordinates"": [110.31499856097022, 54.404999105627425]}",,
15d336068fb919c918c31ba8c3c926e6c622ce5f,training_2001_2025_v1_3.csv,8814,54.425000415653095,35.304999491451916,Logging,High,,,,,,,,,,,,,,,"{""type"": ""Point"", ""coordinates"": [35.304999491451916, 54.425000415653095]}",,
fe539ee1c173af056571974ba6e89ddb5a48b0ea,training_2001_2025_v1_3.csv,8817,54.575000136508166,39.15500069755808,Logging,High,,,,,,,,,,,,,,,"{""type"": ""Point"", ""coordinates"": [39.15500069755808, 54.575000136508166]}",,
b462db76016bbca25332bd55d35ea2b6f27fc00f,training_2001_2025_v1_3.csv,8818,54.57500011823644,52.77499933679146,Logging,High,,,,,,,,,,,,,,,"{""type"": ""Point"", ""coordinates"": [52.77499933679146, 54.57500011823644]}",,
2fd574184caf956ae06cf8047519ddc0a7430ace,training_2001_2025_v1_3.csv,8820,54.60499872289627,37.28500086706351,Logging,High,,,,,,,,,,,,,,,"{""type"": ""Point"", ""coordinates"": [37.28500086706351, 54.60499872289627]}",,
b401bd7e05937f20ad2a73f9fa9b53a9dc717fad,training_2001_2025_v1_3.csv,8822,54.64499910387646,83.35500159236221,Logging,High,,,,,,,,,,,,,,,"{""type"": ""Point"", ""coordinates"": [83.35500159236221, 54.64499910387646]}",,
ee83c5da4cc55c6ce9c5744da07764782cf4cd1f,training_2001_2025_v1_3.csv,8824,54.72499981744224,93.61500070459822,Logging,High,,,,,,,,,,,,,,,"{""type"": ""Point"", ""coordinates"": [93.61500070459822, 54.72499981744224]}",,
4d7dd931b45a301e618c22bcbcff41adfc6ba36c,training_2001_2025_v1_3.csv,8825,54.734999354808465,59.98500011549862,Logging,Medium,,,,,,,,,,,,,,,"{""type"": ""Point"", ""coordinates"": [59.98500011549862, 54.734999354808465]}",,
f5a4b628139e66ba784e2a7c9e57039af8255f16,training_2001_2025_v1_3.csv,8830,54.795001022372055,86.60499955014984,Logging,Low,,,,,,,,,,,,,,,"{""type"": ""Point"", ""coordinates"": [86.60499955014984, 54.795001022372055]}",,
ae62fb56d1fde8968e922376eb82a61c513e9bc0,training_2001_2025_v1_3.csv,8834,54.914999881976506,59.81500131136732,Logging,Medium,,,,,,,,,,,,,,,"{""type"": ""Point"", ""coordinates"": [59.81500131136732, 54.914999881976506]}",,
11147fc148b131b28abf7c3510e5ef0df1cae605,training_2001_2025_v1_3.csv,8838,55.05500005097943,82.61500039123572,Logging,Medium,,,,,,,,,,,,,,,"{""type"": ""Point"", ""coordinates"": [82.61500039123572, 55.05500005097943]}",,
ca28630a57a2d53b595cd9eced846e8023a70650,training_2001_2025_v1_3.csv,8842,55.1349985661685,41.865001503017,Logging,High,,,,,,,,,,,,,,,"{""type"": ""Point"", ""coordinates"": [41.865001503017, 55.1349985661685]}",,
4ef360deed1cbd0776ceeb396cbac35db072ef89,training_2001_2025_v1_3.csv,8847,55.204999738239145,158.96499950154666,Logging,Low,,,,,,,,,,,,,,,"{""type"": ""Point"", ""coordinates"": [158.96499950154666, 55.204999738239145]}",,
5e93e4ff5070026e4bc52476a3bf239c40cce50a,training_2001_2025_v1_3.csv,8848,55.21499927376396,158.97500123307515,Logging,Medium,,,,,,,,,,,,,,,"{""type"": ""Point"", ""coordinates"": [158.97500123307515, 55.21499927376396]}",,
69bf5d432554b721ceea3adb35c2a93e06282a23,training_2001_2025_v1_3.csv,8850,55.24500012391057,58.41499968972959,Logging,High,,,,,,,,,,,,,,,"{""type"": ""Point"", ""coordinates"": [58.41499968972959, 55.24500012391057]}",,
9f240bc5f2c884daf9b314066411c18ab1d82e5b,training_2001_2025_v1_3.csv,8851,55.254999669030965,36.844999080031606,Logging,High,,,,,,,,,,,,,,,"{""type"": ""Point"", ""coordinates"": [36.844999080031606, 55.254999669030965]}",,
8bea37981ea86d0fa7824a512557c90d4d3eb81b,training_2001_2025_v1_3.csv,8853,55.33500037518008,65.36499919615731,Logging,High,,,,,,,,,,,,,,,"{""type"": ""Point"", ""coordinates"": [65.36499919615731, 55.33500037518008]}",,
08c6d954183aaf321ac8c73072d3cbda0ef5a6c9,training_2001_2025_v1_3.csv,8856,55.41499662690432,41.064998666217605,Logging,High,,,,,,,,,,,,,,,"{""type"": ""Point"", ""coordinates"": [41.064998666217605, 55.41499662690432]}",,
319611fc5b1b7b63ef11dbad5031d759d015e351,training_2001_2025_v1_3.csv,8859,55.485000068077085,65.12500144014554,Logging,High,,,,,,,,,,,,,,,"{""type"": ""Point"", ""coordinates"": [65.12500144014554, 55.485000068077085]}",,
5362a40e10b06dc1cd9c0e31b14613d87de518e6,training_2001_2025_v1_3.csv,8862,55.65500105831272,36.36499913027863,Logging,High,,,,,,,,,,,,,,,"{""type"": ""Point"", ""coordinates"": [36.36499913027863, 55.65500105831272]}",,
7ed7eb480d7d72989e733f4a3e585394a4bd4c61,training_2001_2025_v1_3.csv,8866,55.82499985692213,49.265000166602874,Logging,High,,,,,,,,,,,,,,,"{""type"": ""Point"", ""coordinates"": [49.265000166602874, 55.82499985692213]}",,
c7c1aff8bb9c70eb42b0477bb1f5baacfc5a91e8,training_2001_2025_v1_3.csv,8870,55.91500010791189,48.65499952825175,Logging,High,,,,,,,,,,,,,,,"{""type"": ""Point"", ""coordinates"": [48.65499952825175, 55.91500010791189]}",,
740c5af3dbf00fbd0a9cf6b57d5bd68881bd599d,training_2001_2025_v1_3.csv,8872,56.0050003781378,88.63500086919079,Logging,Medium,,,,,,,,,,,,,,,"{""type"": ""Point"", ""coordinates"": [88.63500086919079, 56.0050003781378]}",,
3534b313890a877e1db1c815b41989da239451c4,training_2001_2025_v1_3.csv,8875,56.01499992654599,159.94499841018552,Logging,High,,,,,,,,,,,,,,,"{""type"": ""Point"", ""coordinates"": [159.94499841018552, 56.01499992654599]}",,
a1e55d6cb61eb481a736752122fa1653618ffdf6,training_2001_2025_v1_3.csv,8877,56.035001180652664,58.60499973740748,Logging,High,,,,,,,,,,,,,,,"{""type"": ""Point"", ""coordinates"": [58.60499973740748, 56.035001180652664]}",,
784576f5f5b84544b419431db9a51a19f60e58d2,training_2001_2025_v1_3.csv,8883,56.13500099291065,111.72499973435592,Logging,Medium,,,,,,,,,,,,,,,"{""type"": ""Point"", ""coordinates"": [111.72499973435592, 56.13500099291065]}",,
7a9f60c68d0ca2f1372d647b7d68a6d9dea622d1,training_2001_2025_v1_3.csv,8890,56.245000331758085,42.574999618269366,Logging,High,,,,,,,,,,,,,,,"{""type"": ""Point"", ""coordinates"": [42.574999618269366, 56.245000331758085]}",,
cad2421abdc65d01511b811681cfd3183d4af017,training_2001_2025_v1_3.csv,8896,56.47499853144433,84.82500000677967,Logging,High,,,,,,,,,,,,,,,"{""type"": ""Point"", ""coordinates"": [84.82500000677967, 56.47499853144433]}",,
ab6fa0c44b6617846d35818e089e8f088492d9aa,training_2001_2025_v1_3.csv,8897,56.50499938404223,61.32500009697652,Logging,High,,,,,,,,,,,,,,,"{""type"": ""Point"", ""coordinates"": [61.32500009697652, 56.50499938404223]}",,
3ee14c68e1b9f78d648003839762d25f3993601c,training_2001_2025_v1_3.csv,8902,56.73499978799511,59.40500037371979,Logging,High,,,,,,,,,,,,,,,"{""type"": ""Point"", ""coordinates"": [59.40500037371979, 56.73499978799511]}",,
12fb91c579cb98d698ed564cafab002a8735a4a7,training_2001_2025_v1_3.csv,8903,56.74499930864824,31.6149996649582,Logging,High,,,,,,,,,,,,,,,"{""type"": ""Point"", ""coordinates"": [31.6149996649582, 56.74499930864824]}",,
94fc5ddfb13f7ade7072dedf50c98410389223f3,training_2001_2025_v1_3.csv,8905,56.96500022542122,89.15499889793935,Logging,High,,,,,,,,,,,,,,,"{""type"": ""Point"", ""coordinates"": [89.15499889793935, 56.96500022542122]}",,
8642f31f6ebe29dbf5ad5ce15909616a7c188820,training_2001_2025_v1_3.csv,8906,57.005000587346984,37.89500146152176,Logging,High,,,,,,,,,,,,,,,"{""type"": ""Point"", ""coordinates"": [37.89500146152176, 57.005000587346984]}",,
dfc2cc8aaa08cc8945a54d381c557685a38fab6f,training_2001_2025_v1_3.csv,8910,57.19500065867136,54.134998417425585,Logging,High,,,,,,,,,,,,,,,"{""type"": ""Point"", ""coordinates"": [54.134998417425585, 57.19500065867136]}",,
a59040b8c56f0c2d9837ceda8fb921602df5e7fb,training_2001_2025_v1_3.csv,8911,57.214997472580606,35.51500081794494,Logging,High,,,,,,,,,,,,,,,"{""type"": ""Point"", ""coordinates"": [35.51500081794494, 57.214997472580606]}",,
8bddac9ececed0b8e0e34a4428c463cb67a15be8,training_2001_2025_v1_3.csv,8915,57.54499997746444,35.20499969854449,Logging,High,,,,,,,,,,,,,,,"{""type"": ""Point"", ""coordinates"": [35.20499969854449, 57.54499997746444]}",,
e4b9815f75d7e224d25e56bef2f4e6d60daa7c9a,training_2001_2025_v1_3.csv,8916,57.564999010072384,53.58499950771793,Logging,Low,,,,,,,,,,,,,,,"{""type"": ""Point"", ""coordinates"": [53.58499950771793, 57.564999010072384]}",,
0d87995aa8ea586b0d23e397f7db1d0722462072,training_2001_2025_v1_3.csv,8919,57.6850001061044,104.1550001132006,Logging,High,,,,,,,,,,,,,,,"{""type"": ""Point"", ""coordinates"": [104.1550001132006, 57.6850001061044]}",,
d0ae6ad50eebc804b61bb57ba76be556fec9dd60,training_2001_2025_v1_3.csv,8920,57.71499872367423,64.46500100521683,Logging,High,,,,,,,,,,,,,,,"{""type"": ""Point"", ""coordinates"": [64.46500100521683, 57.71499872367423]}",,
66c198f27d1b2f5ace028e6f4ddef7cbc4e20bde,training_2001_2025_v1_3.csv,8930,58.27499937155125,50.63500096365955,Logging,High,,,,,,,,,,,,,,,"{""type"": ""Point"", ""coordinates"": [50.63500096365955, 58.27499937155125]}",,
4f902ba5216cb98bcf4638d2fa9ebd4bc58fdca6,training_2001_2025_v1_3.csv,8931,58.41499955576642,54.36499882258753,Logging,High,,,,,,,,,,,,,,,"{""type"": ""Point"", ""coordinates"": [54.36499882258753, 58.41499955576642]}",,
0a1d1a56ea189abd64fe1ba2496178050a9a9c0f,training_2001_2025_v1_3.csv,8932,58.48500076392765,37.19499839684149,Logging,High,,,,,,,,,,,,,,,"{""type"": ""Point"", ""coordinates"": [37.19499839684149, 58.48500076392765]}",,
ad3f88fdce7490f42a6961c9ddcf0cb96d63d89e,training_2001_2025_v1_3.csv,8935,58.52499888520328,109.76499964364533,Logging,Low,,,,,,,,,,,,,,,"{""type"": ""Point"", ""coordinates"": [109.76499964364533, 58.52499888520328]}",,
7581854723aec8cce063e60dc895f72ffedccbfa,training_2001_2025_v1_3.csv,8936,58.564999237164336,58.96499858294233,Logging,High,,,,,,,,,,,,,,,"{""type"": ""Point"", ""coordinates"": [58.96499858294233, 58.564999237164336]}",,
8c794b946180cd5da81e772a05ed3ccbfbec98ce,training_2001_2025_v1_3.csv,8939,58.635000443631455,59.025000284634494,Logging,High,,,,,,,,,,,,,,,"{""type"": ""Point"", ""coordinates"": [59.025000284634494, 58.635000443631455]}",,
433fbe7263fbec3eb5e6b484092304d25d8545d1,training_2001_2025_v1_3.csv,8946,58.95499890164909,34.22500075087237,Logging,High,,,,,,,,,,,,,,,"{""type"": ""Point"", ""coordinates"": [34.22500075087237, 58.95499890164909]}",,
dfe95d039ed493357c842e302fdb7b99072e90c2,training_2001_2025_v1_3.csv,8947,58.95499890636889,42.70500028108907,Logging,High,,,,,,,,,,,,,,,"{""type"": ""Point"", ""coordinates"": [42.70500028108907, 58.95499890636889]}",,
db0e0ba5b4fd67674db4688ee9fe85e48c14794a,training_2001_2025_v1_3.csv,8951,59.03499963660421,34.07500106933773,Logging,High,,,,,,,,,,,,,,,"{""type"": ""Point"", ""coordinates"": [34.07500106933773, 59.03499963660421]}",,
6389867085b517648a190b555e2981589ddea2b7,training_2001_2025_v1_3.csv,8952,59.224999702059854,48.22499954748746,Logging,High,,,,,,,,,,,,,,,"{""type"": ""Point"", ""coordinates"": [48.22499954748746, 59.224999702059854]}",,
ac24d48901b831d895baea4185f82658a7e97f15,training_2001_2025_v1_3.csv,8955,59.38499896140465,42.454998553356376,Logging,High,,,,,,,,,,,,,,,"{""type"": ""Point"", ""coordinates"": [42.454998553356376, 59.38499896140465]}",,
f708e66e0e88b2e519f11baf5981c86da9594a0e,training_2001_2025_v1_3.csv,8957,59.47499916361865,50.8350005395275,Logging,High,,,,,,,,,,,,,,,"{""type"": ""Point"", ""coordinates"": [50.8350005395275, 59.47499916361865]}",,
e5253f34961befee7b4420dbebaa32b6367de67b,training_2001_2025_v1_3.csv,8959,59.604999822612726,32.435001623456586,Logging,High,,,,,,,,,,,,,,,"{""type"": ""Point"", ""coordinates"": [32.435001623456586, 59.604999822612726]}",,
09ee479b792fec74b92aaa25a65a215024f0cd6e,training_2001_2025_v1_3.csv,8964,60.06500070379033,30.114998280919995,Logging,High,,,,,,,,,,,,,,,"{""type"": ""Point"", ""coordinates"": [30.114998280919995, 60.06500070379033]}",,
357f259c2bf6a479c74b81b03bc80e2310cf757a,training_2001_2025_v1_3.csv,8976,60.41500001575231,41.644998397847154,Logging,High,,,,,,,,,,,,,,,"{""type"": ""Point"", ""coordinates"": [41.644998397847154, 60.41500001575231]}",,
f2f94a258d4491fe8d85d7a53383c4b48831b8c3,training_2001_2025_v1_3.csv,8977,60.46499988061047,58.39500061984844,Logging,High,,,,,,,,,,,,,,,"{""type"": ""Point"", ""coordinates"": [58.39500061984844, 60.46499988061047]}",,
b71751a6f722b9ef569db22d28bc8d7c79c3e708,training_2001_2025_v1_3.csv,8992,61.19499933286056,47.9050010583353,Logging,High,,,,,,,,,,,,,,,"{""type"": ""Point"", ""coordinates"": [47.9050010583353, 61.19499933286056]}",,
21e9140e47e984b128e7842b364f8dc04b6fb77d,training_2001_2025_v1_3.csv,9002,61.61499979794323,49.54500044715801,Logging,High,,,,,,,,,,,,,,,"{""type"": ""Point"", ""coordinates"": [49.54500044715801, 61.61499979794323]}",,
04c84bc9e8699b8912a2ff435a857a6d6ca9451b,training_2001_2025_v1_3.csv,9012,61.94500001876361,47.81499859462646,Logging,High,,,,,,,,,,,,,,,"{""type"": ""Point"", ""coordinates"": [47.81499859462646, 61.94500001876361]}",,
d7711f0fff813edc5e296411fb96d1a5e3bfd645,training_2001_2025_v1_3.csv,9024,62.30500107769568,52.724999483946974,Logging,High,,,,,,,,,,,,,,,"{""type"": ""Point"", ""coordinates"": [52.724999483946974, 62.30500107769568]}",,
eef614c2f3dd2eae824be2e61b65b2ac57c65844,training_2001_2025_v1_3.csv,9036,62.745000650355585,34.03499846031745,Logging,High,,,,,,,,,,,,,,,"{""type"": ""Point"", ""coordinates"": [34.03499846031745, 62.745000650355585]}",,
95b9a1a8f50b258eb7d9836ea189a733ebb43ab4,training_2001_2025_v1_3.csv,9056,63.6749996523661,42.84500048069023,Logging,Medium,,,,,,,,,,,,,,,"{""type"": ""Point"", ""coordinates"": [42.84500048069023, 63.6749996523661]}",,
52409f6857b778c4389f5162d495f2126606ab63,training_2001_2025_v1_3.csv,9086,64.82499956951116,42.54500101483031,Logging,High,,,,,,,,,,,,,,,"{""type"": ""Point"", ""coordinates"": [42.54500101483031, 64.82499956951116]}",,
4f954e8d267f80aa2cd5f1f449a286b08dadffd7,training_2001_2025_v1_3.csv,9196,57.94499916370541,65.36499918883224,Logging,High,,,,,,,,,,,,,,,"{""type"": ""Point"", ""coordinates"": [65.36499918883224, 57.94499916370541]}",,
95c1800fa23611de7bcd003e2cbde07a9fb95d79,training_2001_2025_v1_3.csv,9235,62.56500012688828,33.99500033066924,Logging,High,,,,,,,,,,,,,,,"{""type"": ""Point"", ""coordinates"": [33.99500033066924, 62.56500012688828]}",,
7828bee0cc63865f27bde34103f78b52a93d1ac4,training_2001_2025_v1_3.csv,9253,60.065000701237885,46.44500000943355,Logging,High,,,,,,,,,,,,,,,"{""type"": ""Point"", ""coordinates"": [46.44500000943355, 60.065000701237885]}",,
1e5b47c4236f8382ea90568474422410c293a515,training_2001_2025_v1_3.csv,9258,59.52499908019031,31.745000328585004,Logging,High,,,,,,,,,,,,,,,"{""type"": ""Point"", ""coordinates"": [31.745000328585004, 59.52499908019031]}",,
ec084a2e9d9112cbfbc573d33a3ed9f978753799,training_2001_2025_v1_3.csv,9267,58.00500081569637,104.30499986052332,Logging,High,,,,,,,,,,,,,,,"{""type"": ""Point"", ""coordinates"": [104.30499986052332, 58.00500081569637]}",,
ab55a0b673690586016f96dcc8f5aee8affa9fd2,training_2001_2025_v1_3.csv,9268,54.344999670640235,110.83499886423492,Logging,Medium,,,,,,,,,,,,,,,"{""type"": ""Point"", ""coordinates"": [110.83499886423492, 54.344999670640235]}",,
8f9ce62bde7fcc414fdcd4460ddb43ada427ba7d,training_2001_2025_v1_3.csv,9276,48.74499977764198,138.365000455407,Logging,Medium,,,,,,,,,,,,,,,"{""type"": ""Point"", ""coordinates"": [138.365000455407, 48.74499977764198]}",,
322ebc2e7911d596d34f29c90831df6f7d1bef74,training_2001_2025_v1_3.csv,9283,64.04500027478267,32.695000617669656,Logging,Medium,,,,,,,,,,,,,,,"{""type"": ""Point"", ""coordinates"": [32.695000617669656, 64.04500027478267]}",,
ca5ca9cbf57f1f00a6a85b7c6085408cfdfc762f,training_2001_2025_v1_3.csv,9289,57.19500066237216,60.514999956487294,Logging,High,,,,,,,,,,,,,,,"{""type"": ""Point"", ""coordinates"": [60.514999956487294, 57.19500066237216]}",,
548eae1ac5f57b33f7c91f6de5b5e315e549356c,training_2001_2025_v1_3.csv,9292,52.5749996603074,122.34499997147066,Logging,Medium,,,,,,,,,,,,,,,"{""type"": ""Point"", ""coordinates"": [122.34499997147066, 52.5749996603074]}",,
9d62cb1a29e04c88b77f6815d42c650aab6e69b0,training_2001_2025_v1_3.csv,9293,58.18499912645557,102.7949988474852,Logging,High,,,,,,,,,,,,,,,"{""type"": ""Point"", ""coordinates"": [102.7949988474852, 58.18499912645557]}",,
2e602816c95a0e1e77297a4d57eefa947107b43f,training_2001_2025_v1_3.csv,9302,51.65500020317528,124.19500070447523,Logging,Medium,,,,,,,,,,,,,,,"{""type"": ""Point"", ""coordinates"": [124.19500070447523, 51.65500020317528]}",,
d98394b67cab3e49f7edefbc03036b0cb7dfb526,training_2001_2025_v1_3.csv,9303,52.165000930382014,138.05499929821158,Logging,High,,,,,,,,,,,,,,,"{""type"": ""Point"", ""coordinates"": [138.05499929821158, 52.165000930382014]}",,
cc9f44f48c85643a4d9cfc546e0accc08d9562b7,training_2001_2025_v1_3.csv,9304,61.994999952891646,63.024998938254996,Logging,High,,,,,,,,,,,,,,,"{""type"": ""Point"", ""coordinates"": [63.024998938254996, 61.994999952891646]}",,
9ee818e3163c9e833bb704f32838cf6a0c9212a1,training_2001_2025_v1_3.csv,9305,51.21500061994277,107.22499983968808,Logging,High,,,,,,,,,,,,,,,"{""type"": ""Point"", ""coordinates"": [107.22499983968808, 51.21500061994277]}",,
468db2e4b7d79b9e4de281c5738880108b5b3568,training_2001_2025_v1_3.csv,9324,61.66499970367543,31.724998975258032,Logging,High,,,,,,,,,,,,,,,"{""type"": ""Point"", ""coordinates"": [31.724998975258032, 61.66499970367543]}",,
755881974c3c44adb17c792ebdcb8bd73935ea66,training_2001_2025_v1_3.csv,9330,59.22499968912623,46.75500111452072,Logging,High,,,,,,,,,,,,,,,"{""type"": ""Point"", ""coordinates"": [46.75500111452072, 59.22499968912623]}",,
c48529f4c36bf755324d845e1843e02f19480e3e,training_2001_2025_v1_3.csv,9331,56.12499926091893,65.35499960698989,Logging,Low,,,,,,,,,,,,,,,"{""type"": ""Point"", ""coordinates"": [65.35499960698989, 56.12499926091893]}",,
63098d6479c59bc052118f5784f7fcf70604bdc3,training_2001_2025_v1_3.csv,9332,55.815000312128674,104.28500077507904,Logging,High,,,,,,,,,,,,,,,"{""type"": ""Point"", ""coordinates"": [104.28500077507904, 55.815000312128674]}",,
b825d017943ad6e40af23b401b2501dd303d209a,training_2001_2025_v1_3.csv,9334,65.28500044164616,43.504998722755275,Logging,High,,,,,,,,,,,,,,,"{""type"": ""Point"", ""coordinates"": [43.504998722755275, 65.28500044164616]}",,
9a6c2fb739bfa06035a714790727a3f91f541153,training_2001_2025_v1_3.csv,9337,54.9050003371917,43.525000023999226,Logging,High,,,,,,,,,,,,,,,"{""type"": ""Point"", ""coordinates"": [43.525000023999226, 54.9050003371917]}",,
9e921a48ab14422dc80584d9e6a1a9464db6cc48,training_2001_2025_v1_3.csv,9338,52.3049988867411,108.80499981636314,Logging,High,,,,,,,,,,,,,,,"{""type"": ""Point"", ""coordinates"": [108.80499981636314, 52.3049988867411]}",,
9a2d0d8d9cab91bf8325966f233d351f84279ed7,training_2001_2025_v1_3.csv,9339,63.204999286112795,33.03500047802643,Logging,High,,,,,,,,,,,,,,,"{""type"": ""Point"", ""coordinates"": [33.03500047802643, 63.204999286112795]}",,
978afdff0963706f91abd0ef87bb95ca2362bdb7,training_2001_2025_v1_3.csv,9340,57.53500040993778,34.73499926585427,Logging,High,,,,,,,,,,,,,,,"{""type"": ""Point"", ""coordinates"": [34.73499926585427, 57.53500040993778]}",,
503fb914bfc9a6ad6a26886689e85261a329e599,training_2001_2025_v1_3.csv,9361,55.83499936653111,103.65499889775262,Logging,High,,,,,,,,,,,,,,,"{""type"": ""Point"", ""coordinates"": [103.65499889775262, 55.83499936653111]}",,
bd570224d292a029703f4dab5ca02d45b19a3f3a,training_2001_2025_v1_3.csv,9379,53.78499904495912,46.19500044612811,Logging,High,,,,,,,,,,,,,,,"{""type"": ""Point"", ""coordinates"": [46.19500044612811, 53.78499904495912]}",,
ed65f63b3b96e77d69905ccd071188a797b3b601,training_2001_2025_v1_3.csv,9380,61.27500004333263,37.264999532448904,Logging,High,,,,,,,,,,,,,,,"{""type"": ""Point"", ""coordinates"": [37.264999532448904, 61.27500004333263]}",,
e3102a596a34ba2012cef2e1646e9880b27c48f9,training_2001_2025_v1_3.csv,9382,52.42499997928686,104.71500085687867,Logging,Low,,,,,,,,,,,,,,,"{""type"": ""Point"", ""coordinates"": [104.71500085687867, 52.42499997928686]}",,
fc97b4b48524ed98b833da03c9b861b002c83629,training_2001_2025_v1_3.csv,9383,55.38500027789819,98.72499897048796,Logging,High,,,,,,,,,,,,,,,"{""type"": ""Point"", ""coordinates"": [98.72499897048796, 55.38500027789819]}",,
f99bba795be7f633fceba57e68afd4e5f1fe5ee9,training_2001_2025_v1_3.csv,9384,48.48500071845503,137.47499960129323,Logging,Medium,,,,,,,,,,,,,,,"{""type"": ""Point"", ""coordinates"": [137.47499960129323, 48.48500071845503]}",,
09eeeacac1c270cb22e0f2b9ff6e36e8274aaca3,training_2001_2025_v1_3.csv,9385,54.10499971667122,124.654999336236,Logging,Low,,,,,,,,,,,,,,,"{""type"": ""Point"", ""coordinates"": [124.654999336236, 54.10499971667122]}",,
0b49a5519513086f4d453b24abf8962fc7cbba56,training_2001_2025_v1_3.csv,9389,58.18499913018203,100.35500107360828,Logging,High,,,,,,,,,,,,,,,"{""type"": ""Point"", ""coordinates"": [100.35500107360828, 58.18499913018203]}",,
c69ab40d62a8e6755888bbec15c53584cc6ab82b,training_2001_2025_v1_3.csv,9390,48.804999193101445,139.72499955875762,Logging,High,,,,,,,,,,,,,,,"{""type"": ""Point"", ""coordinates"": [139.72499955875762, 48.804999193101445]}",,
e4a6a87fe4ae3ad89aa4548c0668ae76dc14d012,training_2001_2025_v1_3.csv,9395,59.26500007077558,98.38499922422014,Logging,High,,,,,,,,,,,,,,,"{""type"": ""Point"", ""coordinates"": [98.38499922422014, 59.26500007077558]}",,
af5c4c5a9dc7a0dde1698666c1c6073a76d4f1b2,training_2001_2025_v1_3.csv,9398,56.74499932437923,101.55499865558936,Logging,High,,,,,,,,,,,,,,,"{""type"": ""Point"", ""coordinates"": [101.55499865558936, 56.74499932437923]}",,
fd816163b242734191f5f5c79b0534d987ed7493,training_2001_2025_v1_3.csv,9408,53.594998962891985,104.78499980463008,Logging,High,,,,,,,,,,,,,,,"{""type"": ""Point"", ""coordinates"": [104.78499980463008, 53.594998962891985]}",,
6c93671bd753418bf850dd6f73bfd03608603f80,training_2001_2025_v1_3.csv,9409,50.61499960064597,110.70500044215976,Logging,High,,,,,,,,,,,,,,,"{""type"": ""Point"", ""coordinates"": [110.70500044215976, 50.61499960064597]}",,
16bf6274af7fbb52b3123e313e1d2ebf3495e8a1,training_2001_2025_v1_3.csv,9410,52.45499859073653,109.97499880726389,Logging,High,,,,,,,,,,,,,,,"{""type"": ""Point"", ""coordinates"": [109.97499880726389, 52.45499859073653]}",,
cc3fbd201544c1b0a9f04e792ff17c2de7838718,training_2001_2025_v1_3.csv,9431,52.874999080759906,133.5649988903454,Logging,High,,,,,,,,,,,,,,,"{""type"": ""Point"", ""coordinates"": [133.5649988903454, 52.874999080759906]}",,
612c810113da662e4121337161cc3c60ae02f640,training_2001_2025_v1_3.csv,9432,52.6749994807058,122.58499992517038,Logging,High,,,,,,,,,,,,,,,"{""type"": ""Point"", ""coordinates"": [122.58499992517038, 52.6749994807058]}",,
c1fad63bc5a637aa860958f82b2a8022596f53f5,training_2001_2025_v1_3.csv,9457,58.95499892581834,51.444998930778375,Logging,High,,,,,,,,,,,,,,,"{""type"": ""Point"", ""coordinates"": [51.444998930778375, 58.95499892581834]}",,
de78c9423af32df7507551de60c04100fd254532,training_2001_2025_v1_3.csv,9460,64.624997765662,47.29500044954406,Logging,High,,,,,,,,,,,,,,,"{""type"": ""Point"", ""coordinates"": [47.29500044954406, 64.624997765662]}",,
ebadf99387c4ea4d1144ea979cb3dbe40f3d1b4f,training_2001_2025_v1_3.csv,9474,60.334999242296355,36.715000671693566,Logging,High,,,,,,,,,,,,,,,"{""type"": ""Point"", ""coordinates"": [36.715000671693566, 60.334999242296355]}",,
fdbfb1dec940754358e59396d9f6a6bc4ec78629,training_2001_2025_v1_3.csv,9481,59.74500001047227,53.434999767871815,Logging,High,,,,,,,,,,,,,,,"{""type"": ""Point"", ""coordinates"": [53.434999767871815, 59.74500001047227]}",,
1e9e55efd9aaf31d63fcbbe6f7410f7b3d833f90,training_2001_2025_v1_3.csv,9483,60.07500022953444,102.92499948650148,Logging,High,,,,,,,,,,,,,,,"{""type"": ""Point"", ""coordinates"": [102.92499948650148, 60.07500022953444]}",,
12efad8f18bb42fd28a7e793cac4c5de6b1a7094,training_2001_2025_v1_3.csv,9484,59.524999115525034,31.52499947270935,Logging,High,,,,,,,,,,,,,,,"{""type"": ""Point"", ""coordinates"": [31.52499947270935, 59.524999115525034]}",,
cda9d02409e5c77e008b788e98f3473129ed7dd9,training_2001_2025_v1_3.csv,9485,59.23499924655865,34.9050002400714,Logging,High,,,,,,,,,,,,,,,"{""type"": ""Point"", ""coordinates"": [34.9050002400714, 59.23499924655865]}",,
631973435fa381f9470adce8d7430e8a45df96ef,training_2001_2025_v1_3.csv,9487,59.20500065196178,87.47499916789256,Logging,High,,,,,,,,,,,,,,,"{""type"": ""Point"", ""coordinates"": [87.47499916789256, 59.20500065196178]}",,
290e963ffad98f099dbaec7b4ec502150bd0a51a,training_2001_2025_v1_3.csv,9498,56.46499901945117,42.04499979744804,Logging,High,,,,,,,,,,,,,,,"{""type"": ""Point"", ""coordinates"": [42.04499979744804, 56.46499901945117]}",,
6f1521487f5832615b5673bdc3ca76eeb6543c44,training_2001_2025_v1_3.csv,9501,56.9749997671429,82.8350013040082,Logging,High,,,,,,,,,,,,,,,"{""type"": ""Point"", ""coordinates"": [82.8350013040082, 56.9749997671429]}",,
fc6d6c0878fbf12902445910f1d29bdda67c6482,training_2001_2025_v1_3.csv,9503,55.05500006205458,86.07499973748291,Logging,High,,,,,,,,,,,,,,,"{""type"": ""Point"", ""coordinates"": [86.07499973748291, 55.05500006205458]}",,
24bfaa5788620d70e3d00794e15a701059a6fb01,validation_2001_2022.geojson,3084,67.9749999270286,28.485000632812184,Logging,Medium,,,,,,,,,,,,,,,"{""type"": ""Point"", ""coordinates"": [28.485000632812184, 67.9749999270286]}",,
9f4621e318075653c3059cb23ea0ac1ad1dc0e02,validation_2001_2022.geojson,3252,68.84499950787534,28.095001004806058,Logging,High,,,,,,,,,,,,,,,"{""type"": ""Point"", ""coordinates"": [28.095001004806058, 68.84499950787534]}",,
f29d058d6ece793b9e670d9920e7a32784ad755b,validation_2001_2022.geojson,3392,69.3849988332587,29.474999040309545,Logging,Low,,,,,,,,,,,,,,,"{""type"": ""Point"", ""coordinates"": [29.474999040309545, 69.3849988332587]}",,
367b32fbe9069f84d625766510fab4f332851bed,validation_2001_2022.geojson,8005,58.89499949595226,47.65499931683456,Logging,High,,,,,,,,,,,,,,,"{""type"": ""Point"", ""coordinates"": [47.65499931683456, 58.89499949595226]}",,
ee2949194fd94fb03d8c36dbf671c71c3a90b3b9,validation_2001_2022.geojson,8019,53.8550002058566,54.63499967662924,Logging,Medium,,,,,,,,,,,,,,,"{""type"": ""Point"", ""coordinates"": [54.63499967662924, 53.8550002058566]}",,
ed619b2678c2008d7bbc2798c365cfc5ba2580a4,validation_2001_2022.geojson,8040,54.275000727293424,53.24499975558231,Logging,Medium,,,,,,,,,,,,,,,"{""type"": ""Point"", ""coordinates"": [53.24499975558231, 54.275000727293424]}",,
d4ab81a20336b0898df6f70c84a1f69cd1766a6a,validation_2001_2022.geojson,8043,64.3449996391074,32.10499915728377,Logging,High,,,,,,,,,,,,,,,"{""type"": ""Point"", ""coordinates"": [32.10499915728377, 64.3449996391074]}",,
23e1127d62884f4d72f1af80a17a254458f380e0,validation_2001_2022.geojson,8049,57.49500006543481,72.30499913630075,Logging,High,,,,,,,,,,,,,,,"{""type"": ""Point"", ""coordinates"": [72.30499913630075, 57.49500006543481]}",,
24439c15b16544bc33c5223eb914be0aa6482a94,validation_2001_2022.geojson,8056,50.274999816365934,121.34499970865124,Logging,Medium,,,,,,,,,,,,,,,"{""type"": ""Point"", ""coordinates"": [121.34499970865124, 50.274999816365934]}",,
d666bbe5347e6b1a66b28aa64a0a451ad3992a00,validation_2001_2022.geojson,8145,61.83500072474719,57.79499957653242,Logging,Low,,,,,,,,,,,,,,,"{""type"": ""Point"", ""coordinates"": [57.79499957653242, 61.83500072474719]}",,
e320d493cb4e708833fd690eb0446e3dd509e590,validation_2001_2022.geojson,8146,61.59500074045502,34.404999111783134,Logging,High,,,,,,,,,,,,,,,"{""type"": ""Point"", ""coordinates"": [34.404999111783134, 61.59500074045502]}",,
3bf38f91472bef021ff29a3a4a38d269a10d29d8,validation_2001_2022.geojson,8147,59.39500069262997,101.05499966052923,Logging,High,,,,,,,,,,,,,,,"{""type"": ""Point"", ""coordinates"": [101.05499966052923, 59.39500069262997]}",,
646b282089c7d90d4571f29bc1293f9f844194f4,validation_2001_2022.geojson,8148,57.41499932347348,52.95499989647108,Logging,High,,,,,,,,,,,,,,,"{""type"": ""Point"", ""coordinates"": [52.95499989647108, 57.41499932347348]}",,
1f10d6642ca91230c5096512d3e8dca2fd02d62a,validation_2001_2022.geojson,8149,53.064999167547896,104.60499923883472,Logging,High,,,,,,,,,,,,,,,"{""type"": ""Point"", ""coordinates"": [104.60499923883472, 53.064999167547896]}",,
e488d1363478bd188fe060d39e1fcc322a40961b,validation_2001_2022.geojson,8153,58.445000359519895,100.94500033101552,Logging,High,,,,,,,,,,,,,,,"{""type"": ""Point"", ""coordinates"": [100.94500033101552, 58.445000359519895]}",,
126577701f85f0d3cba9e94c4782d57da27f4378,validation_2001_2022.geojson,8155,55.924999657801614,99.86499934698917,Logging,High,,,,,,,,,,,,,,,"{""type"": ""Point"", ""coordinates"": [99.86499934698917, 55.924999657801614]}",,
8ff0f3c1336bcc18572b7fc11dd2023f25219631,validation_2001_2022.geojson,8156,60.54500062130851,74.91500017810675,Logging,High,,,,,,,,,,,,,,,"{""type"": ""Point"", ""coordinates"": [74.91500017810675, 60.54500062130851]}",,
2312e46bad8f2c9da4339770c0f8eee0b3dc8479,validation_2001_2022.geojson,8158,63.59499891114948,36.425000771620695,Logging,High,,,,,,,,,,,,,,,"{""type"": ""Point"", ""coordinates"": [36.425000771620695, 63.59499891114948]}",,
fddf007b9e9d7edebb0e84e6c97ed59211defa30,validation_2001_2022.geojson,8159,59.01500059471348,55.61500083391783,Logging,High,,,,,,,,,,,,,,,"{""type"": ""Point"", ""coordinates"": [55.61500083391783, 59.01500059471348]}",,
0000a473e1352b468ce2eb4d2211f6055c58ebe2,validation_2001_2022.geojson,8161,47.725000487512006,138.33499967065984,Logging,High,,,,,,,,,,,,,,,"{""type"": ""Point"", ""coordinates"": [138.33499967065984, 47.725000487512006]}",,
186e06cc8e3a8016e4fd15a19bc202e16b7048ee,validation_2001_2022.geojson,8163,60.60500008926421,45.95500050840117,Logging,High,,,,,,,,,,,,,,,"{""type"": ""Point"", ""coordinates"": [45.95500050840117, 60.60500008926421]}",,
a41222d0d9833bd7e4514e372a5f930d13060368,validation_2001_2022.geojson,8165,58.09499884953895,99.12500040883876,Logging,High,,,,,,,,,,,,,,,"{""type"": ""Point"", ""coordinates"": [99.12500040883876, 58.09499884953895]}",,
9d72e6495a2a55a6c820f028102a85f679bbb923,validation_2001_2022.geojson,8168,58.32499926473588,64.3850002433694,Logging,High,,,,,,,,,,,,,,,"{""type"": ""Point"", ""coordinates"": [64.3850002433694, 58.32499926473588]}",,
1c0f7fe0447a083619e550d1a965560fa0d76e41,validation_2001_2022.geojson,8170,57.264999619788576,44.15499963939656,Logging,High,,,,,,,,,,,,,,,"{""type"": ""Point"", ""coordinates"": [44.15499963939656, 57.264999619788576]}",,
000988f293d2283806419046cf24b6343603a5eb,validation_2001_2022.geojson,8172,51.25500097529776,135.71499910658903,Logging,High,,,,,,,,,,,,,,,"{""type"": ""Point"", ""coordinates"": [135.71499910658903, 51.25500097529776]}",,
f37aaf1ef774f2ab1b386566b59fd4726f1dbcd8,validation_2001_2022.geojson,8174,59.66499924024896,100.84500054123087,Logging,High,,,,,,,,,,,,,,,"{""type"": ""Point"", ""coordinates"": [100.84500054123087, 59.66499924024896]}",,
845b171a65947c560bcd00d339cc8d73ffc85347,validation_2001_2022.geojson,8177,59.49500047714829,29.40500013026834,Logging,High,,,,,,,,,,,,,,,"{""type"": ""Point"", ""coordinates"": [29.40500013026834, 59.49500047714829]}",,
3962261dc0e5c3b7f773dac0388c335394374ab1,validation_2001_2022.geojson,8179,59.91499874871328,59.70499978259881,Logging,High,,,,,,,,,,,,,,,"{""type"": ""Point"", ""coordinates"": [59.70499978259881, 59.91499874871328]}",,
49fb3af396ca625f6d8408217c0b04ef479315cb,validation_2001_2022.geojson,8182,56.32499883226041,102.69499907921048,Logging,High,,,,,,,,,,,,,,,"{""type"": ""Point"", ""coordinates"": [102.69499907921048, 56.32499883226041]}",,
84a7b1ecc26b2af1faa1c55dea71858c4a710b45,validation_2001_2022.geojson,8184,57.08499906666174,41.02500054110827,Logging,Medium,,,,,,,,,,,,,,,"{""type"": ""Point"", ""coordinates"": [41.02500054110827, 57.08499906666174]}",,
048b90a8d3b2014d1ad0226db90b1b16ae42191e,validation_2001_2022.geojson,8185,60.54500060617507,57.14500083273512,Logging,High,,,,,,,,,,,,,,,"{""type"": ""Point"", ""coordinates"": [57.14500083273512, 60.54500060617507]}",,
ba0cbcdd4cd23ee1df0c05a85a801df3f04430cc,validation_2001_2022.geojson,8187,55.1349985543508,44.23500040213636,Logging,High,,,,,,,,,,,,,,,"{""type"": ""Point"", ""coordinates"": [44.23500040213636, 55.1349985543508]}",,
2ded701e288ac5ace1f1992ceffb97e0ee946f85,validation_2001_2022.geojson,8188,43.45499875727415,128.1449995253436,Logging,Medium,,,,,,,,,,,,,,,"{""type"": ""Point"", ""coordinates"": [128.1449995253436, 43.45499875727415]}",,
ebc67eb9a690a300e58141c0b992b948d984e629,validation_2001_2022.geojson,8192,44.47500031149934,127.9250008223927,Logging,Low,,,,,,,,,,,,,,,"{""type"": ""Point"", ""coordinates"": [127.9250008223927, 44.47500031149934]}",,
a98a44d55c90ddc22120ac092579b6fa44f6d641,validation_2001_2022.geojson,8194,58.88499993049851,29.904999113376324,Logging,High,,,,,,,,,,,,,,,"{""type"": ""Point"", ""coordinates"": [29.904999113376324, 58.88499993049851]}",,
483025959447bd8e0199ad5d195419e18bfe44bf,validation_2001_2022.geojson,8196,51.33499948170331,138.55500056086473,Logging,High,,,,,,,,,,,,,,,"{""type"": ""Point"", ""coordinates"": [138.55500056086473, 51.33499948170331]}",,
6ee619d4d309c1e79ad43e3f3f1534deee9c7a15,validation_2001_2022.geojson,8202,59.10499859787169,48.00500087767151,Logging,High,,,,,,,,,,,,,,,"{""type"": ""Point"", ""coordinates"": [48.00500087767151, 59.10499859787169]}",,
6dcda13d0af6cae01c639b8a2beb4897ad534b08,validation_2001_2022.geojson,8204,53.91499965952852,103.72500010672964,Logging,Medium,,,,,,,,,,,,,,,"{""type"": ""Point"", ""coordinates"": [103.72500010672964, 53.91499965952852]}",,
211f55cdcec318e3df4c89fd8b411f12a8933864,validation_2001_2022.geojson,8205,52.02500075804733,123.41499912186232,Logging,Medium,,,,,,,,,,,,,,,"{""type"": ""Point"", ""coordinates"": [123.41499912186232, 52.02500075804733]}",,
374a1c472c7809f8245343ee4c9cfe7d4620230c,validation_2001_2022.geojson,8206,58.58500052593386,40.63500086816483,Logging,High,,,,,,,,,,,,,,,"{""type"": ""Point"", ""coordinates"": [40.63500086816483, 58.58500052593386]}",,
09874044ce6b7df3c6805197fcb6b2afd1d8b249,validation_2001_2022.geojson,8208,57.01500011936494,100.32500023621913,Logging,High,,,,,,,,,,,,,,,"{""type"": ""Point"", ""coordinates"": [100.32500023621913, 57.01500011936494]}",,
f0b61391755eac6cd47ea3a72405523dd5db6961,validation_2001_2022.geojson,8213,51.93500052434559,87.70499958079486,Logging,High,,,,,,,,,,,,,,,"{""type"": ""Point"", ""coordinates"": [87.70499958079486, 51.93500052434559]}",,
9a9768a02abb148ba156f044648024a26cd6b29e,validation_2001_2022.geojson,8216,56.684999901895225,58.30500034609988,Logging,Medium,,,,,,,,,,,,,,,"{""type"": ""Point"", ""coordinates"": [58.30500034609988, 56.684999901895225]}",,
0cbc8eb5124a47477b3e1f7f7f46432502a96583,validation_2001_2022.geojson,8217,61.76499950921675,52.12500064368938,Logging,High,,,,,,,,,,,,,,,"{""type"": ""Point"", ""coordinates"": [52.12500064368938, 61.76499950921675]}",,
3290cefb6f5266df99c60c2173e22c3f65c595af,validation_2001_2022.geojson,8218,57.234998808313,48.1849991670506,Logging,High,,,,,,,,,,,,,,,"{""type"": ""Point"", ""coordinates"": [48.1849991670506, 57.234998808313]}",,
8ff59b659e356fa14e08620c0705fa78e951ba18,validation_2001_2022.geojson,8219,56.46499897621211,38.92500028232581,Logging,High,,,,,,,,,,,,,,,"{""type"": ""Point"", ""coordinates"": [38.92500028232581, 56.46499897621211]}",,
a7ee2c378463c4363b062e162f4365c83b61618a,validation_2001_2022.geojson,8220,57.27499914102946,59.32499963798936,Logging,High,,,,,,,,,,,,,,,"{""type"": ""Point"", ""coordinates"": [59.32499963798936, 57.27499914102946]}",,
665fe0a4810b0677082e13f2fd47de69d4302bb9,validation_2001_2022.geojson,8222,54.145000093066926,103.27499880926077,Logging,High,,,,,,,,,,,,,,,"{""type"": ""Point"", ""coordinates"": [103.27499880926077, 54.145000093066926]}",,
98439800d35d5624dd429fc4115a4a8bea965473,validation_2001_2022.geojson,8223,57.10500039238008,42.42499995903808,Logging,High,,,,,,,,,,,,,,,"{""type"": ""Point"", ""coordinates"": [42.42499995903808, 57.10500039238008]}",,
06218ff6a9f611de8c89cc3700ba89e91f533614,validation_2001_2022.geojson,8224,51.785000812967965,103.14500036921956,Logging,High,,,,,,,,,,,,,,,"{""type"": ""Point"", ""coordinates"": [103.14500036921956, 51.785000812967965]}",,
2995836b63ed2c368cd3fd6e142b8db09cf0c9a5,validation_2001_2022.geojson,8225,57.06500003942742,31.21500052990427,Logging,High,,,,,,,,,,,,,,,"{""type"": ""Point"", ""coordinates"": [31.21500052990427, 57.06500003942742]}",,
9df0183063e9538dbe38271865c40af9e980e1ab,validation_2001_2022.geojson,8227,63.55499857941621,44.38500005742006,Logging,Low,,,,,,,,,,,,,,,"{""type"": ""Point"", ""coordinates"": [44.38500005742006, 63.55499857941621]}",,
23cd42a53ae79d4fcec056b7d379e2cb3c7225a9,validation_2001_2022.geojson,8228,62.225000365242366,46.67500035512712,Logging,High,,,,,,,,,,,,,,,"{""type"": ""Point"", ""coordinates"": [46.67500035512712, 62.225000365242366]}",,
90554eae82df7c0ea60fee1e676a7db04d237917,validation_2001_2022.geojson,8229,59.17499979320523,42.42500001013747,Logging,High,,,,,,,,,,,,,,,"{""type"": ""Point"", ""coordinates"": [42.42500001013747, 59.17499979320523]}",,
7007ad15fcf0a4463642de8791fb1a734339a291,validation_2001_2022.geojson,8233,57.42500108230864,47.39500031190771,Logging,High,,,,,,,,,,,,,,,"{""type"": ""Point"", ""coordinates"": [47.39500031190771, 57.42500108230864]}",,
949bcf5079f42b5c3c726d8843666ed880a9a6c3,validation_2001_2022.geojson,8234,54.08500066888716,102.46500084499851,Logging,Medium,,,,,,,,,,,,,,,"{""type"": ""Point"", ""coordinates"": [102.46500084499851, 54.08500066888716]}",,
a77b3fb9cac95747be8dd21cb7ed8d140c4d1cdf,validation_2001_2022.geojson,8236,58.45499987895548,98.39499873171816,Logging,High,,,,,,,,,,,,,,,"{""type"": ""Point"", ""coordinates"": [98.39499873171816, 58.45499987895548]}",,
d1e109beef2f3a9767247ec04fbf83e673b1ca07,validation_2001_2022.geojson,8238,58.64499999102887,41.6349988670923,Logging,High,,,,,,,,,,,,,,,"{""type"": ""Point"", ""coordinates"": [41.6349988670923, 58.64499999102887]}",,
ccaa5da35d2d5b48d1cf38c4f7bf3c430e7e09d3,validation_2001_2022.geojson,8240,52.59500099730285,57.42500117075706,Logging,High,,,,,,,,,,,,,,,"{""type"": ""Point"", ""coordinates"": [57.42500117075706, 52.59500099730285]}",,
17bfe7b933cdeb51f30511d4634f00f891bdd58b,validation_2001_2022.geojson,8243,55.93499918803294,31.864999254684225,Logging,High,,,,,,,,,,,,,,,"{""type"": ""Point"", ""coordinates"": [31.864999254684225, 55.93499918803294]}",,
e27a164d7d4a66df04599c4b9cbbeca31db4e502,validation_2001_2022.geojson,8244,53.80500032628372,84.4350002753691,Logging,High,,,,,,,,,,,,,,,"{""type"": ""Point"", ""coordinates"": [84.4350002753691, 53.80500032628372]}",,
524df59e60c0cda50548294cd3d7c107515126a5,validation_2001_2022.geojson,8245,61.65500017905861,52.46500048845713,Logging,High,,,,,,,,,,,,,,,"{""type"": ""Point"", ""coordinates"": [52.46500048845713, 61.65500017905861]}",,
ae4d4a0f5e744b3e792d9dcf0ebd5a9ad82c4175,validation_2001_2022.geojson,8247,60.72499891603884,50.65500004931236,Logging,High,,,,,,,,,,,,,,,"{""type"": ""Point"", ""coordinates"": [50.65500004931236, 60.72499891603884]}",,
af277c315a610f130a3744412fc514049e8cbdbc,validation_2001_2022.geojson,8248,54.75500064766359,104.99499894258534,Logging,High,,,,,,,,,,,,,,,"{""type"": ""Point"", ""coordinates"": [104.99499894258534, 54.75500064766359]}",,
c3d4e9dc9600b859e4ea4bd444408bb5dbf007f3,validation_2001_2022.geojson,8249,49.59500028674874,138.27500024261005,Logging,High,,,,,,,,,,,,,,,"{""type"": ""Point"", ""coordinates"": [138.27500024261005, 49.59500028674874]}",,
db7340ae8311db6dbf01c065b6b514fdf49211cd,validation_2001_2022.geojson,8250,58.28500113867635,43.79500082745492,Logging,High,,,,,,,,,,,,,,,"{""type"": ""Point"", ""coordinates"": [43.79500082745492, 58.28500113867635]}",,
af4e1c83a985b1a600ad4ae3f11d2c317190615e,validation_2001_2022.geojson,8255,54.86499999325395,102.8749996408699,Logging,High,,,,,,,,,,,,,,,"{""type"": ""Point"", ""coordinates"": [102.8749996408699, 54.86499999325395]}",,
c971164fba89f0bfd510bc6f38a2a309ba123849,validation_2001_2022.geojson,8256,59.66499923646344,48.4850008100912,Logging,High,,,,,,,,,,,,,,,"{""type"": ""Point"", ""coordinates"": [48.4850008100912, 59.66499923646344]}",,
d6d9ea082d3bac743786fd2e2035c6ba960f0d0d,validation_2001_2022.geojson,8258,57.75499910444115,99.63499893394894,Logging,High,,,,,,,,,,,,,,,"{""type"": ""Point"", ""coordinates"": [99.63499893394894, 57.75499910444115]}",,
a0c64b5014668b949b48d86d9927872fe32b20e5,validation_2001_2022.geojson,8260,54.74500110105912,103.7549987390591,Logging,High,,,,,,,,,,,,,,,"{""type"": ""Point"", ""coordinates"": [103.7549987390591, 54.74500110105912]}",,
69c947f9897c87fad19fe27ad7508c87dda70f60,validation_2001_2022.geojson,8262,57.54499996663623,90.94500027662434,Logging,High,,,,,,,,,,,,,,,"{""type"": ""Point"", ""coordinates"": [90.94500027662434, 57.54499996663623]}",,
e5a0a34ffa2e673dfe63386abeb5c621ff11b264,validation_2001_2022.geojson,8265,57.654999269456326,99.20499887778232,Logging,High,,,,,,,,,,,,,,,"{""type"": ""Point"", ""coordinates"": [99.20499887778232, 57.654999269456326]}",,
704d691d134a95e2ccc0282429f299b394779a51,validation_2001_2022.geojson,8266,53.79499857901343,101.6050008229759,Logging,Medium,,,,,,,,,,,,,,,"{""type"": ""Point"", ""coordinates"": [101.6050008229759, 53.79499857901343]}",,
4105a881ea617ab57e60964dcb07547bc1b5535c,validation_2001_2022.geojson,8269,62.67499944364918,53.55500091887574,Logging,High,,,,,,,,,,,,,,,"{""type"": ""Point"", ""coordinates"": [53.55500091887574, 62.67499944364918]}",,
958417352d9424fbe3fbf2f47ed34864247e4541,validation_2001_2022.geojson,8271,59.72500092670883,35.135000709807095,Logging,High,,,,,,,,,,,,,,,"{""type"": ""Point"", ""coordinates"": [35.135000709807095, 59.72500092670883]}",,
97cb55d59edd4cb7fe1a95dba0d6f15ac049b2d5,validation_2001_2022.geojson,8272,50.39500089961145,138.52499972634828,Logging,High,,,,,,,,,,,,,,,"{""type"": ""Point"", ""coordinates"": [138.52499972634828, 50.39500089961145]}",,
5198f2147b3c2800daf2fb7d8f9913e6717139dc,validation_2001_2022.geojson,8274,60.985000170369005,49.74500008570258,Logging,High,,,,,,,,,,,,,,,"{""type"": ""Point"", ""coordinates"": [49.74500008570258, 60.985000170369005]}",,
d332ddee8e24a2ecda26f0cf756e3898c1a7974f,validation_2001_2022.geojson,8276,62.63499910581686,50.395000958551655,Logging,High,,,,,,,,,,,,,,,"{""type"": ""Point"", ""coordinates"": [50.395000958551655, 62.63499910581686]}",,
dfda7dad7679eb6cb112bcc7eba238e68450242e,validation_2001_2022.geojson,8277,62.61500003718516,33.325000289798375,Logging,High,,,,,,,,,,,,,,,"{""type"": ""Point"", ""coordinates"": [33.325000289798375, 62.61500003718516]}",,
8fe813c435195ea1f58df4516fcb2d76bfafcadb,validation_2001_2022.geojson,8278,57.464999225369525,46.68499991737848,Logging,High,,,,,,,,,,,,,,,"{""type"": ""Point"", ""coordinates"": [46.68499991737848, 57.464999225369525]}",,
0a2235af3e6177bb0d1c25fd9528865d84006c1f,validation_2001_2022.geojson,8280,47.00500057510117,128.7749991412758,Logging,Low,,,,,,,,,,,,,,,"{""type"": ""Point"", ""coordinates"": [128.7749991412758, 47.00500057510117]}",,
d81c40d82fdac9e3cdd2f136facd243b2f0cd349,validation_2001_2022.geojson,8282,59.645000199068456,39.95500131573655,Logging,High,,,,,,,,,,,,,,,"{""type"": ""Point"", ""coordinates"": [39.95500131573655, 59.645000199068456]}",,
cd5083457258368fd0181998443bf158c84718e9,validation_2001_2022.geojson,8285,59.04499913325524,58.73500038076088,Logging,High,,,,,,,,,,,,,,,"{""type"": ""Point"", ""coordinates"": [58.73500038076088, 59.04499913325524]}",,
28554235f6eef7c5d1d7efe26584f89304414950,validation_2001_2022.geojson,8287,62.9850005916677,35.38500017798328,Logging,High,,,,,,,,,,,,,,,"{""type"": ""Point"", ""coordinates"": [35.38500017798328, 62.9850005916677]}",,
babc15e7fdb8045364ea95b933b6c7e9375a1caa,validation_2001_2022.geojson,8288,56.51500114706606,40.47499937542355,Logging,Medium,,,,,,,,,,,,,,,"{""type"": ""Point"", ""coordinates"": [40.47499937542355, 56.51500114706606]}",,
ad7e58434bad997f87529ef74608033512ba0134,validation_2001_2022.geojson,8292,56.32499881888153,32.79500047941523,Logging,High,,,,,,,,,,,,,,,"{""type"": ""Point"", ""coordinates"": [32.79500047941523, 56.32499881888153]}",,
fa87a477b0444c10adc052a33d82211f8540516f,validation_2001_2022.geojson,8293,54.6749999276572,49.435001149547055,Logging,Medium,,,,,,,,,,,,,,,"{""type"": ""Point"", ""coordinates"": [49.435001149547055, 54.6749999276572]}",,
a9a5166035e0a06fe63b5ebe7ae371b53f44e9da,validation_2001_2022.geojson,8294,47.07499955320444,128.6450007553466,Logging,Low,,,,,,,,,,,,,,,"{""type"": ""Point"", ""coordinates"": [128.6450007553466, 47.07499955320444]}",,
1fd8f3e6e0898a6460100ba5aa0a557dfc49ce7a,validation_2001_2022.geojson,8296,58.05500069351836,33.54499892689153,Logging,High,,,,,,,,,,,,,,,"{""type"": ""Point"", ""coordinates"": [33.54499892689153, 58.05500069351836]}",,
d071ad0bd66e830253c1a0dd09d5731b3801410d,validation_2001_2022.geojson,8298,58.43500080663564,44.98500110610763,Logging,High,,,,,,,,,,,,,,,"{""type"": ""Point"", ""coordinates"": [44.98500110610763, 58.43500080663564]}",,
73f4368337e76b17d990b01d2e9a47468ed9b5a9,validation_2001_2022.geojson,8445,59.98499998190863,30.74500014662864,Logging,High,,,,,,,,,,,,,,,"{""type"": ""Point"", ""coordinates"": [30.74500014662864, 59.98499998190863]}",,
4eb8745573f81c4f712a660ca33a2193e6ed1931,validation_2001_2022.geojson,8488,58.77500060857445,82.9749992259283,Logging,High,,,,,,,,,,,,,,,"{""type"": ""Point"", ""coordinates"": [82.9749992259283, 58.77500060857445]}",,
